En-marche-a-villeneuve-le-roi-et-ablon-sur-seine;4;b66f80db-23fd-5018-b111-a0c595af4ae1
alfortville;186;010d0c75-12f4-51d0-8a06-58294934e6e1
arcueil-et-cachan-en-marche;189;72085d8c-01e6-5408-8bed-bdd9dda63562
la-republique-en-marche-boissy;25;00cd8a3f-6ac4-5b3a-b116-ab1539673de8
creteil-bonneuil-en-marche;179;175f8d0a-e596-510f-bba0-07daaab20b1d
la-republique-en-marche-bonneuil;1;4b99b9d6-d1e5-509b-83a7-72a578d33381
en-marche-de-bonneuil-sur-marne;1;2b2e04af-bbcc-5a7d-954f-def0472f9aaf
bry-en-marche;142;8fc37903-4b94-5ac2-bac5-96e54bca3b23
les-bryards-en-marche;6;9c5b85ee-cca9-5189-a73a-2a1524810e74
champigny-la-republique-en-marche;171;f8186371-bb47-5fcf-8bd1-9d76f5de1401
en-marche-charenton-liberte;103;d46c05f4-1ebd-50f0-82a3-69d827ee383f
charenton-bercy-quai-des-carrieres;46;e19de45e-bf53-5a39-bd16-1b43efc88e19
charenton-ecoles;195;9c616167-6c6a-5f7c-836a-46aab4dbd97f
saint-maur-chennevieres-en-marche;169;5906dcec-b731-516a-9ea2-16e70147dda5
la-republique-en-marche-chevilly-la-rue;72;6b04540c-3d8e-5179-8217-068864da8d9f
choisy-en-marche-1;136;46730634-f1e8-5a00-8328-4dbd20a889cb
comite-local-de-choisy-le-roi;78;57b88c65-fa5f-5463-b0c3-572f5ac3cb6b
en-marche-creteil-447;163;d4ae56c8-29c0-546e-a9bf-8a45bc98ce18
comite-local-fontenay-sous-bois;213;a3e61ba6-01d0-56ed-bbee-2de7dbf54568
larem-fresnes;24;ec5dc41d-4d4c-5534-93d0-a6453f807c9b
en-marche-fresnes94;9;5d4b1651-a2fe-521f-ab25-a42d9a91ecb6
gentilly-en-marche;100;990e49c7-a85b-51a4-893e-d042f0d59cb9
en-marche-ivry-sur-seine;196;66fd7249-5079-5cf5-813a-8739c994b3b0
on-marche-a-ivry-sur-seine;74;d00fba76-bd64-53de-9768-aea50c915104
joinville-en-marche;128;2ecd1144-265e-5316-9db3-cb27a37b36a3
l-hay-les-roses-la-republique-en-marche;127;767e7a13-a9c1-547a-be3b-523f170e818a
la-queue-en-brie;46;99ccd7ea-9f52-5242-b452-e14d06d9c368
en-marche-le-kremlin-bicetre;182;28a7b863-2a4c-5154-a529-11e25d210d63
en-marche-avec-le-perreux;5;3457ed8f-b123-58aa-975b-dea16fceba7b
le-perreux-sur-marne;170;2c9e669c-194e-5e71-9734-7d7023c9793e
le-perreux-la-republique-en-marche;16;22aa6059-023d-500f-850a-94f7c609f9ee
en-marche-94420;91;95098e76-d0e1-506e-aa5b-4ab0af11325f
limeil-brevannes;100;c88976e8-7f31-5f87-9e97-f4edef7006e3
la-republique-en-marche-maisons-alfort;258;14620a8a-f202-55af-a4d9-70c00be1fb3a
marolles-plateau-briard;73;6c16aa26-fe8d-5ac2-af84-f09a7dd804bf
agir-a-nogent-la-republique-en-marche;249;58dad707-ddfe-58a6-9071-d15679f7dd18
nogent-en-marche;83;6db663a0-d472-563e-9394-f7b250df91d9
nogent-la-republique-en-marche;965;55fdd15d-0353-5f4e-9279-ebcf50a731a8
une-nouvelle-ere-la-rem-orly;3;9ec35c75-7113-5aa7-8c20-63f4592f141c
ormesson-sur-marne-en-marche;7;46456e86-46d0-58cb-b115-077317119cae
en-marche-rungis;50;e75cb079-020c-5b26-8d7b-8db960c44eb8
saint-mande-en-marche;232;59d07a54-d809-5387-a833-abbb0b5b409b
en-marche-saint-maur;388;307d7920-1cad-552f-961c-66f37843566b
comite-enmarche-saint-maurice;73;e40fc26f-b541-5a59-8957-48361de7112c
en-marche-val-de-marne;120;2102c2d2-10c6-5f04-8392-0f53aee7c941
sucy-en-marche;156;02139fa5-432d-5d09-bc9a-2ed94cadd8be
Thiais-en-marche;113;ecd95bf0-550c-5b73-b6a9-653cb94d5676
rem-villeneuve-valenton;118;80df5067-4f0c-580d-918f-1290ffc39dfe
villecresnes-en-marche;19;ff94fa62-de28-52d4-8ea5-bdcfbd42443d
en-marche-villejuif-nord;88;342b6db1-c29b-5a81-9dcf-f76a347724aa
en-marche-villejuif;199;55bfa40b-7943-54c2-b677-76f05cfc82cc
comite-en-marche-villejuif-sud;82;32300043-aab7-5154-a7fd-fa92cd2dd566
villeneuve-le-roi;54;b66f80db-23fd-5018-b111-a0c595af4ae1
comite-de-villiers-sur-marne;106;4593cf1b-cd6f-5e71-9774-93051560801f
vincennes-la-republique-en-marche;444;580a175d-0160-5746-9e67-687e43eb0d24
transition-ecologique-en-marche-94;118;3446b432-a772-5a25-a458-40123f29bb6b
vitry-en-marche;163;425a7424-e233-5c65-9f0f-d73e55fd946f
